{
    "Voices": [
        {
            "Gender": "Female",
            "Id": "Filiz",
            "LanguageCode": "tr-TR",
            "LanguageName": "Turkish",
            "Name": "Filiz"
        },
        {
            "Gender": "Female",
            "Id": "Astrid",
            "LanguageCode": "sv-SE",
            "LanguageName": "Swedish",
            "Name": "Astrid"
        },
        {
            "Gender": "Female",
            "Id": "Tatyana",
            "LanguageCode": "ru-RU",
            "LanguageName": "Russian",
            "Name": "Tatyana"
        },
        {
            "Gender": "Male",
            "Id": "Maxim",
            "LanguageCode": "ru-RU",
            "LanguageName": "Russian",
            "Name": "Maxim"
        },
        {
            "Gender": "Female",
            "Id": "Carmen",
            "LanguageCode": "ro-RO",
            "LanguageName": "Romanian",
            "Name": "Carmen"
        },
        {
            "Gender": "Female",
            "Id": "Ines",
            "LanguageCode": "pt-PT",
            "LanguageName": "Portuguese",
            "Name": "Inês"
        },
        {
            "Gender": "Male",
            "Id": "Cristiano",
            "LanguageCode": "pt-PT",
            "LanguageName": "Portuguese",
            "Name": "Cristiano"
        },
        {
            "Gender": "Female",
            "Id": "Vitoria",
            "LanguageCode": "pt-BR",
            "LanguageName": "Brazilian Portuguese",
            "Name": "Vitória"
        },
        {
            "Gender": "Male",
            "Id": "Ricardo",
            "LanguageCode": "pt-BR",
            "LanguageName": "Brazilian Portuguese",
            "Name": "Ricardo"
        },
        {
            "Gender": "Female",
            "Id": "Maja",
            "LanguageCode": "pl-PL",
            "LanguageName": "Polish",
            "Name": "Maja"
        },
        {
            "Gender": "Male",
            "Id": "Jan",
            "LanguageCode": "pl-PL",
            "LanguageName": "Polish",
            "Name": "Jan"
        },
        {
            "Gender": "Male",
            "Id": "Jacek",
            "LanguageCode": "pl-PL",
            "LanguageName": "Polish",
            "Name": "Jacek"
        },
        {
            "Gender": "Female",
            "Id": "Ewa",
            "LanguageCode": "pl-PL",
            "LanguageName": "Polish",
            "Name": "Ewa"
        },
        {
            "Gender": "Male",
            "Id": "Ruben",
            "LanguageCode": "nl-NL",
            "LanguageName": "Dutch",
            "Name": "Ruben"
        },
        {
            "Gender": "Female",
            "Id": "Lotte",
            "LanguageCode": "nl-NL",
            "LanguageName": "Dutch",
            "Name": "Lotte"
        },
        {
            "Gender": "Female",
            "Id": "Liv",
            "LanguageCode": "nb-NO",
            "LanguageName": "Norwegian",
            "Name": "Liv"
        },
        {
            "Gender": "Female",
            "Id": "Seoyeon",
            "LanguageCode": "ko-KR",
            "LanguageName": "Korean",
            "Name": "Seoyeon"
        },
        {
            "Gender": "Male",
            "Id": "Takumi",
            "LanguageCode": "ja-JP",
            "LanguageName": "Japanese",
            "Name": "Takumi"
        },
        {
            "Gender": "Female",
            "Id": "Mizuki",
            "LanguageCode": "ja-JP",
            "LanguageName": "Japanese",
            "Name": "Mizuki"
        },
        {
            "Gender": "Male",
            "Id": "Giorgio",
            "LanguageCode": "it-IT",
            "LanguageName": "Italian",
            "Name": "Giorgio"
        },
        {
            "Gender": "Female",
            "Id": "Carla",
            "LanguageCode": "it-IT",
            "LanguageName": "Italian",
            "Name": "Carla"
        },
        {
            "Gender": "Male",
            "Id": "Karl",
            "LanguageCode": "is-IS",
            "LanguageName": "Icelandic",
            "Name": "Karl"
        },
        {
            "Gender": "Female",
            "Id": "Dora",
            "LanguageCode": "is-IS",
            "LanguageName": "Icelandic",
            "Name": "Dóra"
        },
        {
            "Gender": "Male",
            "Id": "Mathieu",
            "LanguageCode": "fr-FR",
            "LanguageName": "French",
            "Name": "Mathieu"
        },
        {
            "Gender": "Female",
            "Id": "Celine",
            "LanguageCode": "fr-FR",
            "LanguageName": "French",
            "Name": "Céline"
        },
        {
            "Gender": "Female",
            "Id": "Chantal",
            "LanguageCode": "fr-CA",
            "LanguageName": "Canadian French",
            "Name": "Chantal"
        },
        {
            "Gender": "Female",
            "Id": "Penelope",
            "LanguageCode": "es-US",
            "LanguageName": "US Spanish",
            "Name": "Penélope"
        },
        {
            "Gender": "Male",
            "Id": "Miguel",
            "LanguageCode": "es-US",
            "LanguageName": "US Spanish",
            "Name": "Miguel"
        },
        {
            "Gender": "Male",
            "Id": "Enrique",
            "LanguageCode": "es-ES",
            "LanguageName": "Castilian Spanish",
            "Name": "Enrique"
        },
        {
            "Gender": "Female",
            "Id": "Conchita",
            "LanguageCode": "es-ES",
            "LanguageName": "Castilian Spanish",
            "Name": "Conchita"
        },
        {
            "Gender": "Male",
            "Id": "Geraint",
            "LanguageCode": "en-GB-WLS",
            "LanguageName": "Welsh English",
            "Name": "Geraint"
        },
        {
            "Gender": "Female",
            "Id": "Salli",
            "LanguageCode": "en-US",
            "LanguageName": "US English",
            "Name": "Salli"
        },
        {
            "Gender": "Male",
            "Id": "Matthew",
            "LanguageCode": "en-US",
            "LanguageName": "US English",
            "Name": "Matthew"
        },
        {
            "Gender": "Female",
            "Id": "Kimberly",
            "LanguageCode": "en-US",
            "LanguageName": "US English",
            "Name": "Kimberly"
        },
        {
            "Gender": "Female",
            "Id": "Kendra",
            "LanguageCode": "en-US",
            "LanguageName": "US English",
            "Name": "Kendra"
        },
        {
            "Gender": "Male",
            "Id": "Justin",
            "LanguageCode": "en-US",
            "LanguageName": "US English",
            "Name": "Justin"
        },
        {
            "Gender": "Male",
            "Id": "Joey",
            "LanguageCode": "en-US",
            "LanguageName": "US English",
            "Name": "Joey"
        },
        {
            "Gender": "Female",
            "Id": "Joanna",
            "LanguageCode": "en-US",
            "LanguageName": "US English",
            "Name": "Joanna"
        },
        {
            "Gender": "Female",
            "Id": "Ivy",
            "LanguageCode": "en-US",
            "LanguageName": "US English",
            "Name": "Ivy"
        },
        {
            "Gender": "Female",
            "Id": "Raveena",
            "LanguageCode": "en-IN",
            "LanguageName": "Indian English",
            "Name": "Raveena"
        },
        {
            "Gender": "Female",
            "Id": "Aditi",
            "LanguageCode": "en-IN",
            "LanguageName": "Indian English",
            "Name": "Aditi"
        },
        {
            "Gender": "Female",
            "Id": "Emma",
            "LanguageCode": "en-GB",
            "LanguageName": "British English",
            "Name": "Emma"
        },
        {
            "Gender": "Male",
            "Id": "Brian",
            "LanguageCode": "en-GB",
            "LanguageName": "British English",
            "Name": "Brian"
        },
        {
            "Gender": "Female",
            "Id": "Amy",
            "LanguageCode": "en-GB",
            "LanguageName": "British English",
            "Name": "Amy"
        },
        {
            "Gender": "Male",
            "Id": "Russell",
            "LanguageCode": "en-AU",
            "LanguageName": "Australian English",
            "Name": "Russell"
        },
        {
            "Gender": "Female",
            "Id": "Nicole",
            "LanguageCode": "en-AU",
            "LanguageName": "Australian English",
            "Name": "Nicole"
        },
        {
            "Gender": "Female",
            "Id": "Vicki",
            "LanguageCode": "de-DE",
            "LanguageName": "German",
            "Name": "Vicki"
        },
        {
            "Gender": "Female",
            "Id": "Marlene",
            "LanguageCode": "de-DE",
            "LanguageName": "German",
            "Name": "Marlene"
        },
        {
            "Gender": "Male",
            "Id": "Hans",
            "LanguageCode": "de-DE",
            "LanguageName": "German",
            "Name": "Hans"
        },
        {
            "Gender": "Female",
            "Id": "Naja",
            "LanguageCode": "da-DK",
            "LanguageName": "Danish",
            "Name": "Naja"
        },
        {
            "Gender": "Male",
            "Id": "Mads",
            "LanguageCode": "da-DK",
            "LanguageName": "Danish",
            "Name": "Mads"
        },
        {
            "Gender": "Female",
            "Id": "Gwyneth",
            "LanguageCode": "cy-GB",
            "LanguageName": "Welsh",
            "Name": "Gwyneth"
        }
    ]
}
